CREATE TABLE paises (
    numero integer NOT NULL,
    nombre varchar(250) NOT NULL,
    "nombreCorto" varchar(250),
    capital varchar(250) NOT NULL,
    nacionalidad varchar(250) NOT NULL,
    idiomas varchar(150) NOT NULL,
    CONSTRAINT pk_paises PRIMARY KEY (numero)
);

CREATE TABLE personas (
    identificador integer GENERATED BY DEFAULT AS IDENTITY NOT NULL,
    documento varchar(20) NOT NULL,
    nombre varchar(150) NOT NULL,
    direccion varchar(250),
    estado varchar(15) CONSTRAINT "chkEstado" CHECK (estado IN ('activo', 'inactivo')),
    foto bytea,
    CONSTRAINT pk_personas PRIMARY KEY (identificador)
);

CREATE TABLE empleados (
    identificador integer NOT NULL,
    cargo varchar(100),
    sector integer,
    CONSTRAINT pk_empleados PRIMARY KEY (identificador)
);

CREATE TABLE sectores (
    identificador integer GENERATED BY DEFAULT AS IDENTITY NOT NULL,
    "nombreSector" varchar(150) NOT NULL,
    "codigoSector" varchar(10),
    "responsableSector" integer,
    CONSTRAINT pk_sectores PRIMARY KEY (identificador),
    CONSTRAINT fk_sectores_empleados FOREIGN KEY ("responsableSector") REFERENCES empleados (identificador)
);

CREATE TABLE seguros (
    "nroPoliza" varchar(30) NOT NULL,
    compania varchar(150) NOT NULL,
    "polizaCombinada" varchar(2) CONSTRAINT "chkpolizaCombinada" CHECK ("polizaCombinada" IN ('si', 'no')),
    importe decimal(18, 2) NOT NULL CONSTRAINT "chkImporte" CHECK (importe > 0),
    CONSTRAINT pk_seguro PRIMARY KEY ("nroPoliza")
);

CREATE TABLE clientes (
    identificador integer NOT NULL,
    "numeroPais" integer,
    admitido varchar(2) CONSTRAINT "chkAdmitido" CHECK (admitido IN ('si', 'no')),
    categoria varchar(10) CONSTRAINT "chkCategoria" CHECK (categoria IN ('comun', 'especial', 'plata', 'oro', 'platino')),
    verificador integer NOT NULL,
    CONSTRAINT pk_clientes PRIMARY KEY (identificador),
    CONSTRAINT fk_clientes_personas FOREIGN KEY (identificador) REFERENCES personas (identificador),
    CONSTRAINT fk_clientes_empleados FOREIGN KEY (verificador) REFERENCES empleados (identificador),
    CONSTRAINT fk_clientes_paises FOREIGN KEY ("numeroPais") REFERENCES paises (numero)
);

CREATE TABLE duenios (
    identificador integer NOT NULL,
    "numeroPais" integer,
    "verificacionFinanciera" varchar(2) CONSTRAINT "chkVF" CHECK ("verificacionFinanciera" IN ('si', 'no')),
    "verificacionJudicial" varchar(2) CONSTRAINT "chkVJ" CHECK ("verificacionJudicial" IN ('si', 'no')),
    "calificacionRiesgo" integer CONSTRAINT "chkCR" CHECK ("calificacionRiesgo" IN (1, 2, 3, 4, 5, 6)),
    verificador integer NOT NULL,
    CONSTRAINT pk_duenios PRIMARY KEY (identificador),
    CONSTRAINT fk_duenios_personas FOREIGN KEY (identificador) REFERENCES personas (identificador),
    CONSTRAINT fk_duenios_empleados FOREIGN KEY (verificador) REFERENCES empleados (identificador)
);

CREATE TABLE subastadores (
    identificador integer NOT NULL,
    matricula varchar(15),
    region varchar(50),
    CONSTRAINT pk_subastadores PRIMARY KEY (identificador),
    CONSTRAINT fk_subastadores_personas FOREIGN KEY (identificador) REFERENCES personas (identificador)
);

CREATE TABLE subastas (
    identificador integer GENERATED BY DEFAULT AS IDENTITY NOT NULL,
    fecha date CONSTRAINT "chkFecha" CHECK (fecha > CURRENT_DATE + 10),
    hora time NOT NULL,
    estado varchar(10) CONSTRAINT "chkES" CHECK (estado IN ('abierta', 'cerrada')),
    subastador integer,
    ubicacion varchar(350),
    "capacidadAsistentes" integer,
    "tieneDeposito" varchar(2) CONSTRAINT "chkTD" CHECK ("tieneDeposito" IN ('si', 'no')),
    "seguridadPropia" varchar(2) CONSTRAINT "chkSP" CHECK ("seguridadPropia" IN ('si', 'no')),
    categoria varchar(10) CONSTRAINT "chkCS" CHECK (categoria IN ('comun', 'especial', 'plata', 'oro', 'platino')),
    CONSTRAINT pk_subastas PRIMARY KEY (identificador),
    CONSTRAINT fk_subastas_subastadores FOREIGN KEY (subastador) REFERENCES subastadores (identificador)
);

CREATE TABLE productos (
    identificador integer GENERATED BY DEFAULT AS IDENTITY NOT NULL,
    fecha date,
    disponible varchar(2) CONSTRAINT "chkD" CHECK (disponible IN ('si', 'no')),
    "descripcionCatalogo" varchar(500) DEFAULT 'No Posee',
    "descripcionCompleta" varchar(300) NOT NULL,
    revisor integer NOT NULL,
    duenio integer NOT NULL,
    seguro varchar(30),
    CONSTRAINT pk_productos PRIMARY KEY (identificador),
    CONSTRAINT fk_productos_empleados FOREIGN KEY (revisor) REFERENCES empleados (identificador),
    CONSTRAINT fk_productos_duenios FOREIGN KEY (duenio) REFERENCES duenios (identificador)
);

CREATE TABLE fotos (
    identificador integer GENERATED BY DEFAULT AS IDENTITY NOT NULL,
    producto integer NOT NULL,
    foto bytea NOT NULL,
    CONSTRAINT pk_fotos PRIMARY KEY (identificador),
    CONSTRAINT fk_fotos_productos FOREIGN KEY (producto) REFERENCES productos (identificador)
);

CREATE TABLE catalogos (
    identificador integer GENERATED BY DEFAULT AS IDENTITY NOT NULL,
    descripcion varchar(250) NOT NULL,
    subasta integer,
    responsable integer NOT NULL,
    CONSTRAINT pk_catalogos PRIMARY KEY (identificador),
    CONSTRAINT fk_catalogos_empleados FOREIGN KEY (responsable) REFERENCES empleados (identificador),
    CONSTRAINT fk_catalogos_subastas FOREIGN KEY (subasta) REFERENCES subastas (identificador)
);

CREATE TABLE "itemsCatalogo" (
    identificador integer GENERATED BY DEFAULT AS IDENTITY NOT NULL,
    catalogo integer NOT NULL,
    producto integer NOT NULL,
    "precioBase" decimal(18, 2) NOT NULL CONSTRAINT "chkPB" CHECK ("precioBase" > 0.01),
    comision decimal(18, 2) NOT NULL CONSTRAINT "chkC" CHECK (comision > 0.01),
    subastado varchar(2) CONSTRAINT "chkS" CHECK (subastado IN ('si', 'no')),
    CONSTRAINT "pk_itemsCatalogo" PRIMARY KEY (identificador),
    CONSTRAINT "fk_itemsCatalogo_catalogos" FOREIGN KEY (catalogo) REFERENCES catalogos (identificador),
    CONSTRAINT "fk_itemsCatalogo_productos" FOREIGN KEY (producto) REFERENCES productos (identificador)
);

CREATE TABLE asistentes (
    identificador integer GENERATED BY DEFAULT AS IDENTITY NOT NULL,
    "numeroPostor" integer NOT NULL,
    cliente integer NOT NULL,
    subasta integer NOT NULL,
    CONSTRAINT pk_asistentes PRIMARY KEY (identificador),
    CONSTRAINT fk_asistentes_clientes FOREIGN KEY (cliente) REFERENCES clientes (identificador),
    CONSTRAINT fk_asistentes_subasta FOREIGN KEY (subasta) REFERENCES subastas (identificador)
);

CREATE TABLE pujos (
    identificador integer GENERATED BY DEFAULT AS IDENTITY NOT NULL,
    asistente integer NOT NULL,
    item integer NOT NULL,
    importe decimal(18, 2) NOT NULL CONSTRAINT "chkI" CHECK (importe > 0.01),
    ganador varchar(2) DEFAULT 'no' CONSTRAINT "chkG" CHECK (ganador IN ('si', 'no')),
    CONSTRAINT pk_pujos PRIMARY KEY (identificador),
    CONSTRAINT fk_pujos_asistentes FOREIGN KEY (asistente) REFERENCES asistentes (identificador),
    CONSTRAINT "fk_pujos_itemsCatalogo" FOREIGN KEY (item) REFERENCES "itemsCatalogo" (identificador)
);

CREATE TABLE "registroDeSubasta" (
    identificador integer GENERATED BY DEFAULT AS IDENTITY NOT NULL,
    subasta integer NOT NULL,
    duenio integer NOT NULL,
    producto integer NOT NULL,
    cliente integer NOT NULL,
    importe decimal(18, 2) NOT NULL CONSTRAINT "chkImportePagado" CHECK (importe > 0.01),
    comision decimal(18, 2) NOT NULL CONSTRAINT "chkComisionPagada" CHECK (comision > 0.01),
    CONSTRAINT "pk_registroDeSubasta" PRIMARY KEY (identificador),
    CONSTRAINT "fk_registroDeSubasta_subastas" FOREIGN KEY (subasta) REFERENCES subastas (identificador),
    CONSTRAINT "fk_registroDeSubasta_duenios" FOREIGN KEY (duenio) REFERENCES duenios (identificador),
    CONSTRAINT "fk_registroDeSubasta_producto" FOREIGN KEY (producto) REFERENCES productos (identificador),
    CONSTRAINT "fk_registroDeSubasta_cliente" FOREIGN KEY (cliente) REFERENCES clientes (identificador)
);

CREATE TABLE app_archivos (
    id bigint GENERATED BY DEFAULT AS IDENTITY PRIMARY KEY,
    owner_cuenta_id bigint,
    tipo_contexto varchar(50) NOT NULL,
    filename_original varchar(255) NOT NULL,
    content_type varchar(100) NOT NULL,
    size_bytes bigint NOT NULL CHECK (size_bytes >= 0),
    storage_path varchar(500) NOT NULL,
    checksum varchar(128) NOT NULL,
    created_at timestamp with time zone NOT NULL DEFAULT CURRENT_TIMESTAMP
);

CREATE TABLE app_solicitudes_registro (
    id bigint GENERATED BY DEFAULT AS IDENTITY PRIMARY KEY,
    email varchar(320) NOT NULL,
    nombre varchar(150) NOT NULL,
    apellido varchar(150) NOT NULL,
    domicilio_legal varchar(250) NOT NULL,
    id_pais_origen integer NOT NULL REFERENCES paises (numero),
    foto_frente_dni_archivo_id bigint REFERENCES app_archivos (id),
    foto_dorso_dni_archivo_id bigint REFERENCES app_archivos (id),
    estado varchar(40) NOT NULL CHECK (estado IN (
        'pendiente_etapa2', 'pendiente_revision', 'rechazado',
        'aprobada_pendiente_finalizacion', 'completada', 'expirada'
    )),
    motivo_rechazo varchar(500),
    setup_token_hash varchar(128),
    setup_token_expires_at timestamp with time zone,
    setup_token_used_at timestamp with time zone,
    aprobado_por_empleado_id integer REFERENCES empleados (identificador),
    created_at timestamp with time zone NOT NULL DEFAULT CURRENT_TIMESTAMP,
    updated_at timestamp with time zone NOT NULL DEFAULT CURRENT_TIMESTAMP,
    last_activity_at timestamp with time zone NOT NULL DEFAULT CURRENT_TIMESTAMP
);

CREATE UNIQUE INDEX uq_app_solicitudes_registro_email_activa
    ON app_solicitudes_registro (lower(email))
    WHERE estado NOT IN ('rechazado', 'completada', 'expirada');

CREATE TABLE app_cuentas (
    id bigint GENERATED BY DEFAULT AS IDENTITY PRIMARY KEY,
    persona_id integer NOT NULL UNIQUE REFERENCES personas (identificador),
    cliente_id integer NOT NULL UNIQUE REFERENCES clientes (identificador),
    email varchar(320) NOT NULL UNIQUE,
    password_hash varchar(255) NOT NULL,
    estado varchar(40) NOT NULL CHECK (estado IN (
        'activa', 'restriccion_multa', 'bloqueada_permanente', 'deshabilitada_admin'
    )),
    puntos integer NOT NULL DEFAULT 0 CHECK (puntos >= 0),
    categoria_calculada varchar(10) NOT NULL CHECK (categoria_calculada IN (
        'comun', 'especial', 'plata', 'oro', 'platino'
    )),
    ultimo_acceso_at timestamp with time zone,
    intentos_login integer NOT NULL DEFAULT 0 CHECK (intentos_login >= 0),
    created_at timestamp with time zone NOT NULL DEFAULT CURRENT_TIMESTAMP,
    updated_at timestamp with time zone NOT NULL DEFAULT CURRENT_TIMESTAMP
);

ALTER TABLE app_archivos
    ADD CONSTRAINT fk_app_archivos_owner_cuenta
    FOREIGN KEY (owner_cuenta_id) REFERENCES app_cuentas (id);

CREATE TABLE app_refresh_tokens (
    id bigint GENERATED BY DEFAULT AS IDENTITY PRIMARY KEY,
    cuenta_id bigint NOT NULL REFERENCES app_cuentas (id),
    token_hash varchar(128) NOT NULL UNIQUE,
    expires_at timestamp with time zone NOT NULL,
    revoked_at timestamp with time zone,
    created_at timestamp with time zone NOT NULL DEFAULT CURRENT_TIMESTAMP,
    user_agent varchar(500),
    ip varchar(64)
);

CREATE TABLE app_password_reset_tokens (
    id bigint GENERATED BY DEFAULT AS IDENTITY PRIMARY KEY,
    cuenta_id bigint NOT NULL REFERENCES app_cuentas (id),
    token_hash varchar(128) NOT NULL UNIQUE,
    expires_at timestamp with time zone NOT NULL,
    used_at timestamp with time zone,
    created_at timestamp with time zone NOT NULL DEFAULT CURRENT_TIMESTAMP
);

CREATE TABLE app_categoria_puntos (
    categoria varchar(10) PRIMARY KEY CHECK (categoria IN ('comun', 'especial', 'plata', 'oro', 'platino')),
    puntos_minimos integer NOT NULL CHECK (puntos_minimos >= 0),
    orden integer NOT NULL UNIQUE CHECK (orden > 0)
);

CREATE TABLE app_movimientos_puntos (
    id bigint GENERATED BY DEFAULT AS IDENTITY PRIMARY KEY,
    cuenta_id bigint NOT NULL REFERENCES app_cuentas (id),
    delta integer NOT NULL,
    motivo varchar(100) NOT NULL,
    referencia_tipo varchar(50),
    referencia_id bigint,
    created_at timestamp with time zone NOT NULL DEFAULT CURRENT_TIMESTAMP
);

CREATE TABLE app_documentos (
    id bigint GENERATED BY DEFAULT AS IDENTITY PRIMARY KEY,
    tipo varchar(60) NOT NULL,
    referencia_tipo varchar(50) NOT NULL,
    referencia_id bigint NOT NULL,
    archivo_id bigint NOT NULL REFERENCES app_archivos (id),
    estado varchar(30) NOT NULL DEFAULT 'disponible' CHECK (estado IN ('generando', 'disponible', 'anulado')),
    created_at timestamp with time zone NOT NULL DEFAULT CURRENT_TIMESTAMP
);

CREATE TABLE app_medios_pago (
    id bigint GENERATED BY DEFAULT AS IDENTITY PRIMARY KEY,
    cuenta_id bigint NOT NULL REFERENCES app_cuentas (id),
    tipo varchar(30) NOT NULL CHECK (tipo IN ('tarjeta', 'cuenta_bancaria', 'cheque_certificado')),
    moneda varchar(3) NOT NULL CHECK (moneda IN ('ARS', 'USD')),
    estado varchar(30) NOT NULL CHECK (estado IN ('pendiente_verificacion', 'verificado', 'rechazado', 'vencido', 'eliminado')),
    principal boolean NOT NULL DEFAULT false,
    nacional boolean NOT NULL,
    alias_visible varchar(100),
    ultimos_4 varchar(4),
    titular varchar(200) NOT NULL,
    hash_identificador varchar(128) NOT NULL,
    limite_monto decimal(18, 2),
    consumo_actual decimal(18, 2) NOT NULL DEFAULT 0 CHECK (consumo_actual >= 0),
    saldo_garantia decimal(18, 2),
    verificado_hasta timestamp with time zone,
    verificado_por_empleado_id integer REFERENCES empleados (identificador),
    created_at timestamp with time zone NOT NULL DEFAULT CURRENT_TIMESTAMP,
    updated_at timestamp with time zone NOT NULL DEFAULT CURRENT_TIMESTAMP,
    deleted_at timestamp with time zone,
    CONSTRAINT chk_app_medios_pago_limite CHECK (limite_monto IS NULL OR limite_monto >= 0),
    CONSTRAINT chk_app_medios_pago_saldo CHECK (saldo_garantia IS NULL OR saldo_garantia >= 0)
);

CREATE UNIQUE INDEX uq_app_medios_pago_identificador_activo
    ON app_medios_pago (cuenta_id, hash_identificador)
    WHERE deleted_at IS NULL;

CREATE UNIQUE INDEX uq_app_medios_pago_principal_moneda
    ON app_medios_pago (cuenta_id, moneda)
    WHERE principal = true AND deleted_at IS NULL;

CREATE TABLE app_tarjetas (
    medio_pago_id bigint PRIMARY KEY REFERENCES app_medios_pago (id),
    marca varchar(50),
    vencimiento_mes smallint NOT NULL CHECK (vencimiento_mes BETWEEN 1 AND 12),
    vencimiento_anio smallint NOT NULL
);

CREATE TABLE app_cuentas_bancarias (
    medio_pago_id bigint PRIMARY KEY REFERENCES app_medios_pago (id),
    numero_cuenta_hash varchar(128),
    cbu_cvu_hash varchar(128),
    nombre_banco varchar(150) NOT NULL,
    alias varchar(100)
);

CREATE TABLE app_cheques_certificados (
    medio_pago_id bigint PRIMARY KEY REFERENCES app_medios_pago (id),
    numero_cheque_hash varchar(128) NOT NULL,
    monto decimal(18, 2) NOT NULL CHECK (monto > 0),
    fecha_vencimiento date NOT NULL,
    banco_emisor varchar(150) NOT NULL,
    foto_anverso_archivo_id bigint NOT NULL REFERENCES app_archivos (id),
    foto_reverso_archivo_id bigint NOT NULL REFERENCES app_archivos (id)
);

CREATE TABLE app_subasta_ext (
    subasta_id integer PRIMARY KEY REFERENCES subastas (identificador),
    titulo varchar(200) NOT NULL,
    descripcion varchar(1000),
    moneda varchar(3) NOT NULL CHECK (moneda IN ('ARS', 'USD')),
    segmento varchar(100),
    estado_operativo varchar(30) NOT NULL CHECK (estado_operativo IN (
        'programada', 'abierta', 'en_vivo', 'cerrada', 'finalizada'
    )),
    permite_inscripcion_online boolean NOT NULL DEFAULT true,
    created_at timestamp with time zone NOT NULL DEFAULT CURRENT_TIMESTAMP,
    updated_at timestamp with time zone NOT NULL DEFAULT CURRENT_TIMESTAMP
);

CREATE TABLE app_subasta_estado_vivo (
    subasta_id integer PRIMARY KEY REFERENCES subastas (identificador),
    item_catalogo_activo_id integer REFERENCES "itemsCatalogo" (identificador),
    version bigint NOT NULL DEFAULT 0,
    usuarios_conectados integer NOT NULL DEFAULT 0 CHECK (usuarios_conectados >= 0),
    lote_iniciado_at timestamp with time zone,
    lote_finaliza_estimado_at timestamp with time zone,
    updated_at timestamp with time zone NOT NULL DEFAULT CURRENT_TIMESTAMP
);

CREATE TABLE app_inscripciones_subasta (
    id bigint GENERATED BY DEFAULT AS IDENTITY PRIMARY KEY,
    subasta_id integer NOT NULL REFERENCES subastas (identificador),
    cuenta_id bigint NOT NULL REFERENCES app_cuentas (id),
    medio_pago_id bigint NOT NULL REFERENCES app_medios_pago (id),
    estado varchar(30) NOT NULL CHECK (estado IN ('pendiente_validacion', 'aprobada', 'rechazada', 'expirada')),
    created_at timestamp with time zone NOT NULL DEFAULT CURRENT_TIMESTAMP,
    updated_at timestamp with time zone NOT NULL DEFAULT CURRENT_TIMESTAMP,
    CONSTRAINT uq_app_inscripciones_subasta UNIQUE (subasta_id, cuenta_id)
);

CREATE TABLE app_pujas_live (
    id bigint GENERATED BY DEFAULT AS IDENTITY PRIMARY KEY,
    pujo_legacy_id integer REFERENCES pujos (identificador),
    subasta_id integer NOT NULL REFERENCES subastas (identificador),
    item_catalogo_id integer NOT NULL REFERENCES "itemsCatalogo" (identificador),
    cuenta_id bigint NOT NULL REFERENCES app_cuentas (id),
    medio_pago_id bigint NOT NULL REFERENCES app_medios_pago (id),
    monto decimal(18, 2) NOT NULL CHECK (monto > 0),
    moneda varchar(3) NOT NULL CHECK (moneda IN ('ARS', 'USD')),
    estado varchar(30) NOT NULL CHECK (estado IN (
        'pendiente', 'aceptada', 'rechazada', 'superada', 'ganadora', 'anulada_admin'
    )),
    secuencia bigint NOT NULL CHECK (secuencia > 0),
    version_estado bigint NOT NULL CHECK (version_estado >= 0),
    idempotency_key varchar(100) NOT NULL UNIQUE,
    motivo_rechazo varchar(500),
    created_at timestamp with time zone NOT NULL DEFAULT CURRENT_TIMESTAMP,
    confirmed_at timestamp with time zone,
    CONSTRAINT uq_app_pujas_live_secuencia UNIQUE (subasta_id, item_catalogo_id, secuencia)
);

CREATE TABLE app_direcciones_envio (
    id bigint GENERATED BY DEFAULT AS IDENTITY PRIMARY KEY,
    cuenta_id bigint NOT NULL REFERENCES app_cuentas (id),
    alias varchar(80) NOT NULL,
    destinatario varchar(200) NOT NULL,
    calle varchar(200) NOT NULL,
    numero varchar(30) NOT NULL,
    piso varchar(30),
    codigo_postal varchar(20) NOT NULL,
    localidad varchar(120) NOT NULL,
    provincia varchar(120) NOT NULL,
    pais varchar(120) NOT NULL,
    telefono varchar(50),
    principal boolean NOT NULL DEFAULT false,
    created_at timestamp with time zone NOT NULL DEFAULT CURRENT_TIMESTAMP,
    updated_at timestamp with time zone NOT NULL DEFAULT CURRENT_TIMESTAMP,
    deleted_at timestamp with time zone
);

CREATE UNIQUE INDEX uq_app_direcciones_envio_principal
    ON app_direcciones_envio (cuenta_id)
    WHERE principal = true AND deleted_at IS NULL;

CREATE TABLE app_compras (
    id bigint GENERATED BY DEFAULT AS IDENTITY PRIMARY KEY,
    subasta_id integer NOT NULL REFERENCES subastas (identificador),
    item_catalogo_id integer NOT NULL REFERENCES "itemsCatalogo" (identificador),
    producto_id integer NOT NULL REFERENCES productos (identificador),
    cuenta_comprador_id bigint REFERENCES app_cuentas (id),
    comprador_empresa boolean NOT NULL DEFAULT false,
    puja_id bigint REFERENCES app_pujas_live (id),
    monto_adjudicacion decimal(18, 2) NOT NULL CHECK (monto_adjudicacion > 0),
    moneda varchar(3) NOT NULL CHECK (moneda IN ('ARS', 'USD')),
    estado varchar(50) NOT NULL CHECK (estado IN (
        'adjudicacion_pendiente', 'multa_activa', 'pagos_extra_pendientes', 'pagada',
        'entrega_pendiente', 'retiro_pendiente', 'abandonada_por_incumplimiento_pago',
        'abandonada_por_incumplimiento_retiro', 'completada'
    )),
    medio_pago_id bigint REFERENCES app_medios_pago (id),
    created_at timestamp with time zone NOT NULL DEFAULT CURRENT_TIMESTAMP,
    updated_at timestamp with time zone NOT NULL DEFAULT CURRENT_TIMESTAMP,
    CONSTRAINT chk_app_compras_comprador CHECK (
        (comprador_empresa = true AND cuenta_comprador_id IS NULL)
        OR (comprador_empresa = false AND cuenta_comprador_id IS NOT NULL)
    ),
    CONSTRAINT uq_app_compras_item UNIQUE (item_catalogo_id)
);

CREATE TABLE app_multas (
    id bigint GENERATED BY DEFAULT AS IDENTITY PRIMARY KEY,
    cuenta_id bigint NOT NULL REFERENCES app_cuentas (id),
    compra_id bigint NOT NULL REFERENCES app_compras (id),
    monto decimal(18, 2) NOT NULL CHECK (monto > 0),
    moneda varchar(3) NOT NULL CHECK (moneda IN ('ARS', 'USD')),
    porcentaje decimal(5, 2) NOT NULL DEFAULT 10 CHECK (porcentaje > 0),
    estado varchar(20) NOT NULL CHECK (estado IN ('pendiente', 'pagada', 'vencida', 'derivada')),
    vence_at timestamp with time zone NOT NULL,
    created_at timestamp with time zone NOT NULL DEFAULT CURRENT_TIMESTAMP,
    paid_at timestamp with time zone
);

CREATE TABLE app_pagos (
    id bigint GENERATED BY DEFAULT AS IDENTITY PRIMARY KEY,
    compra_id bigint REFERENCES app_compras (id),
    multa_id bigint REFERENCES app_multas (id),
    medio_pago_id bigint NOT NULL REFERENCES app_medios_pago (id),
    monto decimal(18, 2) NOT NULL CHECK (monto > 0),
    moneda varchar(3) NOT NULL CHECK (moneda IN ('ARS', 'USD')),
    estado varchar(20) NOT NULL CHECK (estado IN ('pendiente', 'aprobado', 'rechazado', 'anulado')),
    referencia_externa varchar(150),
    idempotency_key varchar(100) NOT NULL UNIQUE,
    error_codigo varchar(80),
    error_detalle varchar(500),
    created_at timestamp with time zone NOT NULL DEFAULT CURRENT_TIMESTAMP,
    updated_at timestamp with time zone NOT NULL DEFAULT CURRENT_TIMESTAMP,
    CONSTRAINT chk_app_pagos_referencia CHECK (compra_id IS NOT NULL OR multa_id IS NOT NULL)
);

CREATE TABLE app_entregas (
    id bigint GENERATED BY DEFAULT AS IDENTITY PRIMARY KEY,
    compra_id bigint NOT NULL UNIQUE REFERENCES app_compras (id),
    tipo varchar(10) NOT NULL CHECK (tipo IN ('envio', 'retiro')),
    direccion_envio_id bigint REFERENCES app_direcciones_envio (id),
    costo_envio decimal(18, 2) NOT NULL DEFAULT 0 CHECK (costo_envio >= 0),
    estado varchar(30) NOT NULL CHECK (estado IN ('pendiente', 'pagada', 'en_transito', 'lista_retiro', 'completada')),
    perdio_cobertura_seguro boolean NOT NULL DEFAULT false,
    created_at timestamp with time zone NOT NULL DEFAULT CURRENT_TIMESTAMP,
    updated_at timestamp with time zone NOT NULL DEFAULT CURRENT_TIMESTAMP
);

CREATE TABLE app_solicitudes_consignacion (
    id bigint GENERATED BY DEFAULT AS IDENTITY PRIMARY KEY,
    cuenta_id bigint NOT NULL REFERENCES app_cuentas (id),
    cliente_id integer NOT NULL REFERENCES clientes (identificador),
    producto_id integer REFERENCES productos (identificador),
    item_catalogo_id integer REFERENCES "itemsCatalogo" (identificador),
    subasta_id integer REFERENCES subastas (identificador),
    titulo varchar(200) NOT NULL,
    descripcion varchar(1000) NOT NULL,
    categoria_sugerida varchar(10) CHECK (categoria_sugerida IN ('comun', 'especial', 'plata', 'oro', 'platino')),
    historia text,
    artista_disenador varchar(250),
    fecha_objeto varchar(100),
    declaracion_propiedad boolean NOT NULL,
    acepta_devolucion_con_cargo boolean NOT NULL,
    estado varchar(50) NOT NULL CHECK (estado IN (
        'pendiente_revision', 'rechazo_inicial', 'documentacion_adicional', 'recepcion_pendiente',
        'revision_fisica', 'rechazo_revision_fisica', 'acuerdo_pendiente', 'acuerdo_aceptado',
        'acuerdo_rechazado', 'devolucion_pendiente', 'publicada', 'en_subasta', 'vendida',
        'comprada_por_empresa', 'liquidada', 'devolucion_incompleta'
    )),
    requiere_documentacion_origen boolean NOT NULL DEFAULT false,
    motivo_rechazo varchar(500),
    revisor_empleado_id integer REFERENCES empleados (identificador),
    valor_base_propuesto decimal(18, 2),
    moneda_propuesta varchar(3) CHECK (moneda_propuesta IN ('ARS', 'USD')),
    comision_comprador_pct decimal(5, 2),
    comision_vendedor_pct decimal(5, 2),
    acuerdo_texto text,
    acuerdo_enviado_at timestamp with time zone,
    acuerdo_aceptado_at timestamp with time zone,
    acuerdo_rechazado_at timestamp with time zone,
    created_at timestamp with time zone NOT NULL DEFAULT CURRENT_TIMESTAMP,
    updated_at timestamp with time zone NOT NULL DEFAULT CURRENT_TIMESTAMP,
    CONSTRAINT chk_app_consignacion_declaraciones CHECK (
        declaracion_propiedad = true AND acepta_devolucion_con_cargo = true
    ),
    CONSTRAINT chk_app_consignacion_valor CHECK (valor_base_propuesto IS NULL OR valor_base_propuesto > 0)
);

CREATE TABLE app_consignacion_fotos (
    id bigint GENERATED BY DEFAULT AS IDENTITY PRIMARY KEY,
    solicitud_id bigint NOT NULL REFERENCES app_solicitudes_consignacion (id),
    archivo_id bigint NOT NULL REFERENCES app_archivos (id),
    orden integer NOT NULL CHECK (orden > 0),
    created_at timestamp with time zone NOT NULL DEFAULT CURRENT_TIMESTAMP,
    CONSTRAINT uq_app_consignacion_fotos_orden UNIQUE (solicitud_id, orden)
);

CREATE TABLE app_consignacion_documentos_origen (
    id bigint GENERATED BY DEFAULT AS IDENTITY PRIMARY KEY,
    solicitud_id bigint NOT NULL REFERENCES app_solicitudes_consignacion (id),
    archivo_id bigint NOT NULL REFERENCES app_archivos (id),
    estado varchar(20) NOT NULL CHECK (estado IN ('pendiente', 'aprobado', 'rechazado')),
    created_at timestamp with time zone NOT NULL DEFAULT CURRENT_TIMESTAMP
);

CREATE TABLE app_consignacion_devoluciones (
    id bigint GENERATED BY DEFAULT AS IDENTITY PRIMARY KEY,
    solicitud_id bigint NOT NULL REFERENCES app_solicitudes_consignacion (id),
    motivo varchar(500) NOT NULL,
    costo decimal(18, 2) NOT NULL CHECK (costo >= 0),
    moneda varchar(3) NOT NULL CHECK (moneda IN ('ARS', 'USD')),
    estado varchar(30) NOT NULL CHECK (estado IN ('pendiente_pago', 'pagada', 'enviada', 'retirada', 'incumplida')),
    pago_id bigint REFERENCES app_pagos (id),
    created_at timestamp with time zone NOT NULL DEFAULT CURRENT_TIMESTAMP
);

CREATE TABLE app_liquidaciones_consignacion (
    id bigint GENERATED BY DEFAULT AS IDENTITY PRIMARY KEY,
    solicitud_id bigint NOT NULL UNIQUE REFERENCES app_solicitudes_consignacion (id),
    compra_id bigint NOT NULL REFERENCES app_compras (id),
    monto_bruto decimal(18, 2) NOT NULL CHECK (monto_bruto > 0),
    comision decimal(18, 2) NOT NULL CHECK (comision >= 0),
    monto_neto decimal(18, 2) NOT NULL CHECK (monto_neto >= 0),
    cuenta_destino varchar(250) NOT NULL,
    estado varchar(20) NOT NULL CHECK (estado IN ('pendiente', 'pagada', 'rechazada')),
    created_at timestamp with time zone NOT NULL DEFAULT CURRENT_TIMESTAMP,
    paid_at timestamp with time zone
);

CREATE TABLE app_notificaciones (
    id bigint GENERATED BY DEFAULT AS IDENTITY PRIMARY KEY,
    cuenta_id bigint NOT NULL REFERENCES app_cuentas (id),
    tipo varchar(60) NOT NULL,
    titulo varchar(200) NOT NULL,
    descripcion varchar(1000) NOT NULL,
    referencia_tipo varchar(50),
    referencia_id bigint,
    leida boolean NOT NULL DEFAULT false,
    created_at timestamp with time zone NOT NULL DEFAULT CURRENT_TIMESTAMP,
    read_at timestamp with time zone
);

CREATE TABLE app_auditoria (
    id bigint GENERATED BY DEFAULT AS IDENTITY PRIMARY KEY,
    actor_tipo varchar(20) NOT NULL CHECK (actor_tipo IN ('usuario', 'admin', 'sistema')),
    actor_id bigint,
    accion varchar(100) NOT NULL,
    entidad_tipo varchar(80) NOT NULL,
    entidad_id bigint,
    before_json text,
    after_json text,
    metadata_json text,
    created_at timestamp with time zone NOT NULL DEFAULT CURRENT_TIMESTAMP
);

CREATE INDEX idx_app_pujas_live_item_estado ON app_pujas_live (subasta_id, item_catalogo_id, estado);
CREATE INDEX idx_app_compras_cuenta_estado ON app_compras (cuenta_comprador_id, estado);
CREATE INDEX idx_app_multas_cuenta_estado ON app_multas (cuenta_id, estado);
CREATE INDEX idx_app_notificaciones_cuenta_leida ON app_notificaciones (cuenta_id, leida, created_at DESC);
CREATE INDEX idx_app_auditoria_entidad ON app_auditoria (entidad_tipo, entidad_id, created_at DESC);

INSERT INTO paises (numero, nombre, "nombreCorto", capital, nacionalidad, idiomas) VALUES
    (32, 'Argentina', 'AR', 'Buenos Aires', 'argentina', 'español'),
    (76, 'Brasil', 'BR', 'Brasilia', 'brasileña', 'portugués'),
    (152, 'Chile', 'CL', 'Santiago', 'chilena', 'español'),
    (858, 'Uruguay', 'UY', 'Montevideo', 'uruguaya', 'español'),
    (840, 'Estados Unidos', 'US', 'Washington D.C.', 'estadounidense', 'inglés');

INSERT INTO empleados (identificador, cargo, sector) VALUES
    (1001, 'Verificador de usuarios', NULL),
    (1002, 'Revisor de consignaciones', NULL),
    (1003, 'Operador de pagos', NULL),
    (1004, 'Operador de subastas', NULL);

INSERT INTO sectores ("nombreSector", "codigoSector", "responsableSector") VALUES
    ('Validación de usuarios', 'USR', 1001),
    ('Consignaciones', 'CON', 1002),
    ('Pagos', 'PAY', 1003),
    ('Subastas', 'AUC', 1004);

INSERT INTO personas (documento, nombre, direccion, estado)
VALUES ('EMPRESA-SUB-001', 'Martillero Demo', 'Casa central QuickBid', 'activo');

INSERT INTO subastadores (identificador, matricula, region)
SELECT identificador, 'MAT-DEMO-001', 'Buenos Aires'
FROM personas
WHERE documento = 'EMPRESA-SUB-001';

INSERT INTO app_categoria_puntos (categoria, puntos_minimos, orden) VALUES
    ('comun', 0, 1),
    ('especial', 250, 2),
    ('plata', 700, 3),
    ('oro', 1500, 4),
    ('platino', 3000, 5);

INSERT INTO personas (identificador, documento, nombre, direccion, estado) VALUES
    (2001, 'DNI-DEMO-APROBADO', 'Ana Aprobada', 'Av. Demo 100', 'activo'),
    (2002, 'DNI-DEMO-MULTA', 'Bruno Restringido', 'Av. Demo 200', 'activo'),
    (2003, 'DNI-DEMO-BLOQUEADO', 'Carla Bloqueada', 'Av. Demo 300', 'activo'),
    (2004, 'DNI-DEMO-CONSIGNADOR', 'Diego Consignador', 'Av. Demo 400', 'activo');

INSERT INTO clientes (identificador, "numeroPais", admitido, categoria, verificador) VALUES
    (2001, 32, 'si', 'plata', 1001),
    (2002, 32, 'si', 'especial', 1001),
    (2003, 32, 'si', 'comun', 1001),
    (2004, 32, 'si', 'oro', 1001);

INSERT INTO duenios (
    identificador, "numeroPais", "verificacionFinanciera",
    "verificacionJudicial", "calificacionRiesgo", verificador
) VALUES
    (2004, 32, 'si', 'si', 2, 1002);

INSERT INTO app_cuentas (
    id, persona_id, cliente_id, email, password_hash, estado,
    puntos, categoria_calculada, intentos_login
) VALUES
    (3001, 2001, 2001, 'aprobado@quickbid.demo',
     '$2a$10$V0pWYIdkIsrqbaS46NN5e.b88ECxrQ2of.z/qUHHT7rG.QHhRfJUm',
     'activa', 900, 'plata', 0),
    (3002, 2002, 2002, 'multa@quickbid.demo',
     '$2a$10$V0pWYIdkIsrqbaS46NN5e.b88ECxrQ2of.z/qUHHT7rG.QHhRfJUm',
     'restriccion_multa', 300, 'especial', 0),
    (3003, 2003, 2003, 'bloqueado@quickbid.demo',
     '$2a$10$V0pWYIdkIsrqbaS46NN5e.b88ECxrQ2of.z/qUHHT7rG.QHhRfJUm',
     'bloqueada_permanente', 0, 'comun', 0),
    (3004, 2004, 2004, 'consignador@quickbid.demo',
     '$2a$10$V0pWYIdkIsrqbaS46NN5e.b88ECxrQ2of.z/qUHHT7rG.QHhRfJUm',
     'activa', 1800, 'oro', 0);

INSERT INTO app_archivos (
    id, owner_cuenta_id, tipo_contexto, filename_original, content_type,
    size_bytes, storage_path, checksum
) VALUES
    (4001, NULL, 'dni', 'pendiente-dni-frente.png', 'image/png', 24, 'demo/dni/pendiente-frente.png', 'demo-checksum-dni-frente'),
    (4002, NULL, 'dni', 'pendiente-dni-dorso.png', 'image/png', 24, 'demo/dni/pendiente-dorso.png', 'demo-checksum-dni-dorso'),
    (4010, 3001, 'cheque', 'cheque-demo-anverso.png', 'image/png', 24, 'demo/cheques/anverso.png', 'demo-checksum-cheque-anverso'),
    (4011, 3001, 'cheque', 'cheque-demo-reverso.png', 'image/png', 24, 'demo/cheques/reverso.png', 'demo-checksum-cheque-reverso'),
    (4020, 3004, 'documento_consignacion', 'documentacion-origen-demo.pdf', 'application/pdf', 42, 'demo/consignaciones/origen.pdf', 'demo-checksum-origen'),
    (4030, 3004, 'documento_liquidacion', 'liquidacion-demo.pdf', 'application/pdf', 42, 'demo/documentos/liquidacion.pdf', 'demo-checksum-liquidacion'),
    (4101, 3004, 'consignacion', 'consignacion-demo-01.png', 'image/png', 24, 'demo/consignaciones/foto-01.png', 'demo-checksum-consignacion-01'),
    (4102, 3004, 'consignacion', 'consignacion-demo-02.png', 'image/png', 24, 'demo/consignaciones/foto-02.png', 'demo-checksum-consignacion-02'),
    (4103, 3004, 'consignacion', 'consignacion-demo-03.png', 'image/png', 24, 'demo/consignaciones/foto-03.png', 'demo-checksum-consignacion-03'),
    (4104, 3004, 'consignacion', 'consignacion-demo-04.png', 'image/png', 24, 'demo/consignaciones/foto-04.png', 'demo-checksum-consignacion-04'),
    (4105, 3004, 'consignacion', 'consignacion-demo-05.png', 'image/png', 24, 'demo/consignaciones/foto-05.png', 'demo-checksum-consignacion-05'),
    (4106, 3004, 'consignacion', 'consignacion-demo-06.png', 'image/png', 24, 'demo/consignaciones/foto-06.png', 'demo-checksum-consignacion-06');

INSERT INTO app_solicitudes_registro (
    id, email, nombre, apellido, domicilio_legal, id_pais_origen,
    foto_frente_dni_archivo_id, foto_dorso_dni_archivo_id, estado
) VALUES
    (3201, 'pendiente@quickbid.demo', 'Paula', 'Pendiente', 'Av. Demo 500', 32, 4001, 4002, 'pendiente_revision');

INSERT INTO app_medios_pago (
    id, cuenta_id, tipo, moneda, estado, principal, nacional, alias_visible,
    ultimos_4, titular, hash_identificador, limite_monto, consumo_actual,
    saldo_garantia, verificado_hasta, verificado_por_empleado_id
) VALUES
    (5001, 3001, 'tarjeta', 'ARS', 'verificado', true, true, 'Visa ARS terminada en 4242',
     '4242', 'Ana Aprobada', 'demo-token-card-ars-aprobado', 500000.00, 25100.00,
     NULL, CURRENT_TIMESTAMP + INTERVAL '7 days', 1003),
    (5002, 3001, 'cuenta_bancaria', 'USD', 'verificado', true, false, 'Cuenta USD demo',
     NULL, 'Ana Aprobada', 'demo-token-bank-usd-aprobado', 20000.00, 0.00,
     NULL, CURRENT_TIMESTAMP + INTERVAL '7 days', 1003),
    (5003, 3001, 'cheque_certificado', 'ARS', 'pendiente_verificacion', false, true, 'Cheque certificado pendiente',
     NULL, 'Ana Aprobada', 'demo-token-cheque-ars-pendiente', 150000.00, 0.00,
     150000.00, NULL, NULL),
    (5004, 3002, 'tarjeta', 'ARS', 'verificado', true, true, 'Mastercard ARS restringida',
     '4444', 'Bruno Restringido', 'demo-token-card-ars-multa', 250000.00, 150000.00,
     NULL, CURRENT_TIMESTAMP + INTERVAL '7 days', 1003),
    (5005, 3004, 'cuenta_bancaria', 'ARS', 'verificado', true, true, 'Cuenta ARS consignador',
     NULL, 'Diego Consignador', 'demo-token-bank-ars-consignador', 1000000.00, 0.00,
     NULL, CURRENT_TIMESTAMP + INTERVAL '7 days', 1003);

INSERT INTO app_tarjetas (medio_pago_id, marca, vencimiento_mes, vencimiento_anio) VALUES
    (5001, 'Visa', 12, 2030),
    (5004, 'Mastercard', 11, 2030);

INSERT INTO app_cuentas_bancarias (
    medio_pago_id, numero_cuenta_hash, cbu_cvu_hash, nombre_banco, alias
) VALUES
    (5002, 'demo-hash-account-usd', 'demo-hash-cbu-usd', 'Banco Demo Exterior', 'ANA.USD.DEMO'),
    (5005, 'demo-hash-account-consignor', 'demo-hash-cbu-consignor', 'Banco Demo Argentina', 'DIEGO.CONSIGNA');

INSERT INTO app_cheques_certificados (
    medio_pago_id, numero_cheque_hash, monto, fecha_vencimiento, banco_emisor,
    foto_anverso_archivo_id, foto_reverso_archivo_id
) VALUES
    (5003, 'demo-hash-cheque-001', 150000.00, CURRENT_DATE + 90, 'Banco Demo Argentina', 4010, 4011);

INSERT INTO app_direcciones_envio (
    id, cuenta_id, alias, destinatario, calle, numero, codigo_postal,
    localidad, provincia, pais, telefono, principal
) VALUES
    (5101, 3001, 'Casa', 'Ana Aprobada', 'Av. Demo', '100', 'C1000', 'Buenos Aires', 'Buenos Aires', 'Argentina', '+54 11 5555 0101', true);

INSERT INTO subastas (
    identificador, fecha, hora, estado, subastador, ubicacion,
    "capacidadAsistentes", "tieneDeposito", "seguridadPropia", categoria
) VALUES
    (
        6001,
        CURRENT_DATE + 30,
        '18:00',
        'abierta',
        (SELECT identificador FROM personas WHERE documento = 'EMPRESA-SUB-001'),
        'Casa central QuickBid',
        100,
        'si',
        'si',
        'plata'
    ),
    (
        6002,
        CURRENT_DATE + 45,
        '19:00',
        'abierta',
        (SELECT identificador FROM personas WHERE documento = 'EMPRESA-SUB-001'),
        'Casa central QuickBid',
        80,
        'si',
        'si',
        'especial'
    ),
    (
        6003,
        CURRENT_DATE + 20,
        '17:00',
        'cerrada',
        (SELECT identificador FROM personas WHERE documento = 'EMPRESA-SUB-001'),
        'Casa central QuickBid',
        100,
        'si',
        'si',
        'comun'
    ),
    (
        6004,
        CURRENT_DATE + 60,
        '20:00',
        'abierta',
        (SELECT identificador FROM personas WHERE documento = 'EMPRESA-SUB-001'),
        'Salón Oro QuickBid',
        50,
        'si',
        'si',
        'oro'
    );

INSERT INTO app_subasta_ext (
    subasta_id, titulo, descripcion, moneda, segmento, estado_operativo
) VALUES
    (6001, 'Diseño argentino en vivo', 'Subasta ARS con lote activo y puja vigente.', 'ARS', 'diseño', 'en_vivo'),
    (6002, 'Colección internacional USD', 'Subasta futura en dólares para probar moneda y preinscripción.', 'USD', 'colección', 'programada'),
    (6003, 'Remate clásico finalizado', 'Subasta cerrada con compras y multa demo.', 'ARS', 'general', 'finalizada'),
    (6004, 'Selección oro', 'Subasta oro para probar reglas de incremento flexible.', 'ARS', 'arte', 'abierta');

INSERT INTO productos (
    identificador, fecha, disponible, "descripcionCatalogo", "descripcionCompleta",
    revisor, duenio, seguro
) VALUES
    (8001, CURRENT_DATE, 'si', 'Sillón de diseño argentino', 'demo/docs/producto-8001.pdf', 1002, 2004, NULL),
    (8002, CURRENT_DATE, 'si', 'Juego de té de porcelana', 'demo/docs/producto-8002.pdf', 1002, 2004, NULL),
    (8003, CURRENT_DATE, 'si', 'Reloj internacional de colección', 'demo/docs/producto-8003.pdf', 1002, 2004, NULL),
    (8004, CURRENT_DATE, 'no', 'Lámpara clásica adjudicada con multa', 'demo/docs/producto-8004.pdf', 1002, 2004, NULL),
    (8005, CURRENT_DATE, 'no', 'Mesa restaurada vendida', 'demo/docs/producto-8005.pdf', 1002, 2004, NULL),
    (8006, CURRENT_DATE, 'si', 'Escultura con acuerdo aceptado', 'demo/docs/producto-8006.pdf', 1002, 2004, NULL),
    (8007, CURRENT_DATE, 'si', 'Obra para selección oro', 'demo/docs/producto-8007.pdf', 1002, 2004, NULL),
    (8008, CURRENT_DATE, 'no', 'Lote sin pujas adquirido por la empresa', 'demo/docs/producto-8008.pdf', 1002, 2004, NULL);

INSERT INTO fotos (identificador, producto, foto) VALUES
    (8101, 8001, decode('89504E470D0A1A0A', 'hex')),
    (8102, 8002, decode('89504E470D0A1A0A', 'hex')),
    (8103, 8003, decode('89504E470D0A1A0A', 'hex')),
    (8104, 8004, decode('89504E470D0A1A0A', 'hex')),
    (8105, 8005, decode('89504E470D0A1A0A', 'hex')),
    (8106, 8006, decode('89504E470D0A1A0A', 'hex')),
    (8107, 8007, decode('89504E470D0A1A0A', 'hex')),
    (8108, 8008, decode('89504E470D0A1A0A', 'hex'));

INSERT INTO catalogos (identificador, descripcion, subasta, responsable) VALUES
    (7001, 'Catálogo diseño argentino', 6001, 1004),
    (7002, 'Catálogo colección internacional', 6002, 1004),
    (7003, 'Catálogo remate clásico', 6003, 1004),
    (7004, 'Catálogo selección oro', 6004, 1004);

INSERT INTO "itemsCatalogo" (
    identificador, catalogo, producto, "precioBase", comision, subastado
) VALUES
    (9001, 7001, 8001, 20000.00, 2000.00, 'no'),
    (9002, 7001, 8002, 35000.00, 3500.00, 'no'),
    (9003, 7002, 8003, 1500.00, 150.00, 'no'),
    (9004, 7003, 8004, 120000.00, 12000.00, 'si'),
    (9005, 7003, 8005, 80000.00, 8000.00, 'si'),
    (9006, 7004, 8007, 250000.00, 25000.00, 'no'),
    (9007, 7003, 8008, 60000.00, 6000.00, 'si');

INSERT INTO app_subasta_estado_vivo (
    subasta_id, item_catalogo_activo_id, version, usuarios_conectados,
    lote_iniciado_at, lote_finaliza_estimado_at
) VALUES
    (6001, 9001, 1, 1, CURRENT_TIMESTAMP - INTERVAL '5 minutes', CURRENT_TIMESTAMP + INTERVAL '10 minutes'),
    (6002, NULL, 0, 0, NULL, NULL),
    (6003, NULL, 3, 0, NULL, NULL),
    (6004, NULL, 0, 0, NULL, NULL);

INSERT INTO app_inscripciones_subasta (
    id, subasta_id, cuenta_id, medio_pago_id, estado
) VALUES
    (10001, 6001, 3001, 5001, 'aprobada'),
    (10002, 6002, 3001, 5002, 'aprobada'),
    (10003, 6004, 3001, 5003, 'pendiente_validacion');

INSERT INTO asistentes (identificador, "numeroPostor", cliente, subasta) VALUES
    (11001, 1, 2001, 6001),
    (11002, 1, 2002, 6003),
    (11003, 2, 2001, 6003);

INSERT INTO pujos (identificador, asistente, item, importe, ganador) VALUES
    (12001, 11001, 9001, 25100.00, 'no'),
    (12002, 11002, 9004, 150000.00, 'si'),
    (12003, 11003, 9005, 95000.00, 'si');

INSERT INTO app_pujas_live (
    id, pujo_legacy_id, subasta_id, item_catalogo_id, cuenta_id, medio_pago_id,
    monto, moneda, estado, secuencia, version_estado, idempotency_key, confirmed_at
) VALUES
    (12501, 12001, 6001, 9001, 3001, 5001, 25100.00, 'ARS', 'aceptada', 1, 1, 'demo-bid-live-6001-1', CURRENT_TIMESTAMP),
    (12502, 12002, 6003, 9004, 3002, 5004, 150000.00, 'ARS', 'ganadora', 1, 1, 'demo-bid-winner-fine-6003-1', CURRENT_TIMESTAMP - INTERVAL '1 day'),
    (12503, 12003, 6003, 9005, 3001, 5001, 95000.00, 'ARS', 'ganadora', 1, 1, 'demo-bid-winner-paid-6003-2', CURRENT_TIMESTAMP - INTERVAL '1 day');

INSERT INTO app_compras (
    id, subasta_id, item_catalogo_id, producto_id, cuenta_comprador_id,
    comprador_empresa, puja_id, monto_adjudicacion, moneda, estado, medio_pago_id
) VALUES
    (13001, 6003, 9004, 8004, 3002, false, 12502, 150000.00, 'ARS', 'multa_activa', 5004),
    (13002, 6003, 9005, 8005, 3001, false, 12503, 95000.00, 'ARS', 'pagos_extra_pendientes', 5001),
    (13003, 6003, 9007, 8008, NULL, true, NULL, 60000.00, 'ARS', 'pagos_extra_pendientes', NULL);

INSERT INTO app_multas (
    id, cuenta_id, compra_id, monto, moneda, porcentaje, estado, vence_at
) VALUES
    (14001, 3002, 13001, 15000.00, 'ARS', 10.00, 'pendiente', CURRENT_TIMESTAMP + INTERVAL '72 hours');

INSERT INTO app_pagos (
    id, compra_id, multa_id, medio_pago_id, monto, moneda, estado,
    referencia_externa, idempotency_key, error_codigo, error_detalle
) VALUES
    (15001, 13001, NULL, 5004, 150000.00, 'ARS', 'rechazado',
     'DEMO-PAY-FAILED-001', 'demo-payment-failed-13001', 'INSUFFICIENT_FUNDS_OR_LIMIT', 'Falla simulada para generar multa.'),
    (15002, 13002, NULL, 5001, 95000.00, 'ARS', 'aprobado',
     'DEMO-PAY-OK-001', 'demo-payment-approved-13002', NULL, NULL);

INSERT INTO app_solicitudes_consignacion (
    id, cuenta_id, cliente_id, producto_id, item_catalogo_id, subasta_id,
    titulo, descripcion, categoria_sugerida, historia, artista_disenador,
    fecha_objeto, declaracion_propiedad, acepta_devolucion_con_cargo, estado,
    requiere_documentacion_origen, motivo_rechazo, revisor_empleado_id,
    valor_base_propuesto, moneda_propuesta, comision_comprador_pct,
    comision_vendedor_pct, acuerdo_texto, acuerdo_enviado_at,
    acuerdo_aceptado_at
) VALUES
    (16001, 3004, 2004, NULL, NULL, NULL,
     'Vasija pendiente de revisión', 'Solicitud recién enviada con seis fotos.', 'comun', NULL, NULL,
     'Década de 1980', true, true, 'pendiente_revision', false, NULL, NULL,
     NULL, NULL, NULL, NULL, NULL, NULL, NULL),
    (16002, 3004, 2004, NULL, NULL, NULL,
     'Cuadro con documentación adicional', 'La empresa solicitó documentación de origen.', 'especial', NULL, 'Artista Demo',
     '1995', true, true, 'documentacion_adicional', true, NULL, 1002,
     NULL, NULL, NULL, NULL, NULL, NULL, NULL),
    (16003, 3004, 2004, NULL, NULL, NULL,
     'Juego de copas en revisión física', 'Bien recibido y en inspección.', 'comun', NULL, NULL,
     '1960', true, true, 'revision_fisica', false, NULL, 1002,
     NULL, NULL, NULL, NULL, NULL, NULL, NULL),
    (16004, 3004, 2004, NULL, NULL, NULL,
     'Biblioteca con acuerdo pendiente', 'Revisión física aprobada; falta aceptación del acuerdo.', 'plata', NULL, NULL,
     '1930', true, true, 'acuerdo_pendiente', false, NULL, 1002,
     180000.00, 'ARS', 10.00, 10.00, 'Acuerdo demo pendiente de aceptación.', CURRENT_TIMESTAMP, NULL),
    (16005, 3004, 2004, 8002, 9002, 6001,
     'Juego de té publicado', 'Acuerdo aceptado y producto publicado.', 'plata', NULL, NULL,
     '1950', true, true, 'publicada', false, NULL, 1002,
     35000.00, 'ARS', 10.00, 10.00, 'Acuerdo demo aceptado.', CURRENT_TIMESTAMP - INTERVAL '10 days', CURRENT_TIMESTAMP - INTERVAL '9 days'),
    (16006, 3004, 2004, NULL, NULL, NULL,
     'Mueble pendiente de devolución', 'El acuerdo fue rechazado y corresponde devolución con cargo.', 'comun', NULL, NULL,
     '1970', true, true, 'devolucion_pendiente', false, 'Acuerdo rechazado por el consignador.', 1002,
     50000.00, 'ARS', 10.00, 10.00, 'Acuerdo demo rechazado.', CURRENT_TIMESTAMP - INTERVAL '3 days', NULL),
    (16007, 3004, 2004, 8005, 9005, 6003,
     'Mesa restaurada vendida', 'Bien vendido y liquidado al consignador.', 'comun', NULL, NULL,
     '1940', true, true, 'liquidada', false, NULL, 1002,
     80000.00, 'ARS', 10.00, 10.00, 'Acuerdo demo liquidado.', CURRENT_TIMESTAMP - INTERVAL '20 days', CURRENT_TIMESTAMP - INTERVAL '19 days'),
    (16008, 3004, 2004, 8006, NULL, NULL,
     'Escultura con acuerdo aceptado', 'Producto legacy creado luego de aceptar el acuerdo; pendiente de publicación.', 'oro', NULL, 'Escultor Demo',
     '2005', true, true, 'acuerdo_aceptado', false, NULL, 1002,
     300000.00, 'ARS', 10.00, 10.00, 'Acuerdo demo aceptado, aún no publicado.', CURRENT_TIMESTAMP - INTERVAL '2 days', CURRENT_TIMESTAMP - INTERVAL '1 day');

INSERT INTO app_consignacion_fotos (id, solicitud_id, archivo_id, orden) VALUES
    (17001, 16001, 4101, 1),
    (17002, 16001, 4102, 2),
    (17003, 16001, 4103, 3),
    (17004, 16001, 4104, 4),
    (17005, 16001, 4105, 5),
    (17006, 16001, 4106, 6);

INSERT INTO app_consignacion_documentos_origen (
    id, solicitud_id, archivo_id, estado
) VALUES
    (17101, 16002, 4020, 'pendiente');

INSERT INTO app_consignacion_devoluciones (
    id, solicitud_id, motivo, costo, moneda, estado
) VALUES
    (17201, 16006, 'Acuerdo rechazado por el consignador.', 12000.00, 'ARS', 'pendiente_pago');

INSERT INTO app_liquidaciones_consignacion (
    id, solicitud_id, compra_id, monto_bruto, comision, monto_neto,
    cuenta_destino, estado, paid_at
) VALUES
    (17301, 16007, 13002, 95000.00, 9500.00, 85500.00,
     'Cuenta bancaria demo terminada en consignador', 'pagada', CURRENT_TIMESTAMP - INTERVAL '12 hours');

INSERT INTO app_documentos (
    id, tipo, referencia_tipo, referencia_id, archivo_id, estado
) VALUES
    (17401, 'liquidacion_venta', 'consignacion', 16007, 4030, 'disponible');

INSERT INTO app_notificaciones (
    id, cuenta_id, tipo, titulo, descripcion, referencia_tipo, referencia_id, leida
) VALUES
    (18001, 3001, 'inscripcion_subasta', 'Inscripción aprobada', 'Tu inscripción a la subasta ARS fue aprobada.', 'subasta', 6001, false),
    (18002, 3001, 'puja_aceptada', 'Puja aceptada', 'Tu puja demo quedó como mejor oferta actual.', 'puja', 12501, false),
    (18003, 3002, 'multa_generada', 'Multa pendiente', 'El cobro automático falló y se generó una multa.', 'multa', 14001, false),
    (18004, 3004, 'acuerdo_disponible', 'Acuerdo disponible', 'Hay un acuerdo de consignación pendiente de aceptación.', 'consignacion', 16004, false),
    (18005, 3004, 'liquidacion_disponible', 'Liquidación disponible', 'La liquidación demo ya está disponible.', 'consignacion', 16007, true);

INSERT INTO app_auditoria (
    id, actor_tipo, actor_id, accion, entidad_tipo, entidad_id, metadata_json
) VALUES
    (19001, 'sistema', NULL, 'SEED_DEMO_CREADO', 'demo', NULL, '{"migration":"V4__seed_demo_data.sql"}'),
    (19002, 'sistema', NULL, 'MULTA_GENERADA', 'app_multas', 14001, '{"scenario":"demo"}'),
    (19003, 'sistema', NULL, 'CONSIGNACION_LIQUIDADA', 'app_solicitudes_consignacion', 16007, '{"scenario":"demo"}');

SELECT setval(pg_get_serial_sequence('personas', 'identificador'), (SELECT max(identificador) FROM personas), true);
SELECT setval(pg_get_serial_sequence('sectores', 'identificador'), (SELECT max(identificador) FROM sectores), true);
SELECT setval(pg_get_serial_sequence('subastas', 'identificador'), (SELECT max(identificador) FROM subastas), true);
SELECT setval(pg_get_serial_sequence('productos', 'identificador'), (SELECT max(identificador) FROM productos), true);
SELECT setval(pg_get_serial_sequence('fotos', 'identificador'), (SELECT max(identificador) FROM fotos), true);
SELECT setval(pg_get_serial_sequence('catalogos', 'identificador'), (SELECT max(identificador) FROM catalogos), true);
SELECT setval(pg_get_serial_sequence('"itemsCatalogo"', 'identificador'), (SELECT max(identificador) FROM "itemsCatalogo"), true);
SELECT setval(pg_get_serial_sequence('asistentes', 'identificador'), (SELECT max(identificador) FROM asistentes), true);
SELECT setval(pg_get_serial_sequence('pujos', 'identificador'), (SELECT max(identificador) FROM pujos), true);
SELECT setval(pg_get_serial_sequence('app_cuentas', 'id'), (SELECT max(id) FROM app_cuentas), true);
SELECT setval(pg_get_serial_sequence('app_archivos', 'id'), (SELECT max(id) FROM app_archivos), true);
SELECT setval(pg_get_serial_sequence('app_solicitudes_registro', 'id'), (SELECT max(id) FROM app_solicitudes_registro), true);
SELECT setval(pg_get_serial_sequence('app_medios_pago', 'id'), (SELECT max(id) FROM app_medios_pago), true);
SELECT setval(pg_get_serial_sequence('app_direcciones_envio', 'id'), (SELECT max(id) FROM app_direcciones_envio), true);
SELECT setval(pg_get_serial_sequence('app_inscripciones_subasta', 'id'), (SELECT max(id) FROM app_inscripciones_subasta), true);
SELECT setval(pg_get_serial_sequence('app_pujas_live', 'id'), (SELECT max(id) FROM app_pujas_live), true);
SELECT setval(pg_get_serial_sequence('app_compras', 'id'), (SELECT max(id) FROM app_compras), true);
SELECT setval(pg_get_serial_sequence('app_multas', 'id'), (SELECT max(id) FROM app_multas), true);
SELECT setval(pg_get_serial_sequence('app_pagos', 'id'), (SELECT max(id) FROM app_pagos), true);
SELECT setval(pg_get_serial_sequence('app_solicitudes_consignacion', 'id'), (SELECT max(id) FROM app_solicitudes_consignacion), true);
SELECT setval(pg_get_serial_sequence('app_consignacion_fotos', 'id'), (SELECT max(id) FROM app_consignacion_fotos), true);
SELECT setval(pg_get_serial_sequence('app_consignacion_documentos_origen', 'id'), (SELECT max(id) FROM app_consignacion_documentos_origen), true);
SELECT setval(pg_get_serial_sequence('app_consignacion_devoluciones', 'id'), (SELECT max(id) FROM app_consignacion_devoluciones), true);
SELECT setval(pg_get_serial_sequence('app_liquidaciones_consignacion', 'id'), (SELECT max(id) FROM app_liquidaciones_consignacion), true);
SELECT setval(pg_get_serial_sequence('app_documentos', 'id'), (SELECT max(id) FROM app_documentos), true);
SELECT setval(pg_get_serial_sequence('app_notificaciones', 'id'), (SELECT max(id) FROM app_notificaciones), true);
SELECT setval(pg_get_serial_sequence('app_auditoria', 'id'), (SELECT max(id) FROM app_auditoria), true);

ALTER TABLE app_solicitudes_registro ADD COLUMN persona_id integer REFERENCES personas(identificador);
ALTER TABLE app_solicitudes_registro ADD COLUMN cliente_id integer REFERENCES clientes(identificador);

CREATE UNIQUE INDEX uq_app_solicitudes_registro_persona
    ON app_solicitudes_registro(persona_id) WHERE persona_id IS NOT NULL;
CREATE UNIQUE INDEX uq_app_solicitudes_registro_cliente
    ON app_solicitudes_registro(cliente_id) WHERE cliente_id IS NOT NULL;

ALTER TABLE app_solicitudes_consignacion
    DROP CONSTRAINT app_solicitudes_consignacion_estado_check;

ALTER TABLE app_solicitudes_consignacion
    ADD CONSTRAINT chk_app_consignacion_estado CHECK (estado IN (
        'pendiente_revision', 'rechazo_inicial', 'documentacion_adicional', 'documentacion_recibida',
        'recepcion_pendiente', 'revision_fisica', 'revision_fisica_aprobada', 'rechazo_revision_fisica',
        'acuerdo_pendiente', 'acuerdo_aceptado', 'acuerdo_rechazado', 'devolucion_pendiente',
        'publicada', 'en_subasta', 'vendida', 'comprada_por_empresa', 'liquidada',
        'devolucion_incompleta'
    ));

ALTER TABLE app_solicitudes_consignacion
    ADD COLUMN ubicacion_fisica varchar(350);

ALTER TABLE app_consignacion_devoluciones
    DROP CONSTRAINT app_consignacion_devoluciones_estado_check;

ALTER TABLE app_consignacion_devoluciones
    ADD COLUMN modalidad varchar(10) CHECK (modalidad IN ('envio', 'retiro')),
    ADD COLUMN direccion varchar(250),
    ADD COLUMN piso varchar(30),
    ADD COLUMN codigo_postal varchar(20),
    ADD COLUMN localidad varchar(120),
    ADD COLUMN provincia varchar(120),
    ADD COLUMN telefono_contacto varchar(50),
    ADD CONSTRAINT chk_app_consignacion_devolucion_estado CHECK (estado IN (
        'pendiente_decision', 'pendiente_retiro', 'pendiente_pago', 'pendiente_entrega',
        'completada', 'pagada', 'enviada', 'retirada', 'incumplida'
    ));

ALTER TABLE app_pagos
    DROP CONSTRAINT chk_app_pagos_referencia;

ALTER TABLE app_pagos
    ADD COLUMN consignacion_devolucion_id bigint REFERENCES app_consignacion_devoluciones (id),
    ADD CONSTRAINT chk_app_pagos_referencia CHECK (
        compra_id IS NOT NULL OR multa_id IS NOT NULL OR consignacion_devolucion_id IS NOT NULL
    );

ALTER TABLE app_medios_pago
    ADD COLUMN motivo_rechazo varchar(500);

ALTER TABLE app_inscripciones_subasta
    DROP CONSTRAINT IF EXISTS uq_app_inscripciones_subasta;

CREATE UNIQUE INDEX IF NOT EXISTS uq_app_inscripciones_subasta_activa
    ON app_inscripciones_subasta (subasta_id, cuenta_id)
    WHERE estado IN ('pendiente_validacion', 'aprobada');

ALTER TABLE app_subasta_estado_vivo
    ADD COLUMN IF NOT EXISTS proximo_lote_programado_at timestamp with time zone;

ALTER TABLE app_subasta_estado_vivo
    ADD COLUMN IF NOT EXISTS subasta_finaliza_programado_at timestamp with time zone;

CREATE TABLE IF NOT EXISTS app_reservas_medio_pago (
    id bigint GENERATED BY DEFAULT AS IDENTITY PRIMARY KEY,
    medio_pago_id bigint NOT NULL REFERENCES app_medios_pago (id),
    puja_id bigint NOT NULL REFERENCES app_pujas_live (id),
    monto decimal(18, 2) NOT NULL CHECK (monto > 0),
    estado varchar(20) NOT NULL CHECK (estado IN ('activa', 'liberada', 'consumida')),
    created_at timestamp with time zone NOT NULL DEFAULT CURRENT_TIMESTAMP,
    released_at timestamp with time zone,
    consumed_at timestamp with time zone,
    CONSTRAINT uq_app_reservas_medio_pago_puja UNIQUE (puja_id)
);

CREATE INDEX IF NOT EXISTS idx_app_reservas_medio_pago_medio_estado
    ON app_reservas_medio_pago (medio_pago_id, estado);

INSERT INTO app_reservas_medio_pago (medio_pago_id, puja_id, monto, estado)
SELECT p.medio_pago_id, p.id, p.monto, 'activa'
FROM app_pujas_live p
WHERE p.estado = 'aceptada'
  AND NOT EXISTS (
      SELECT 1 FROM app_reservas_medio_pago r WHERE r.puja_id = p.id
  );

ALTER TABLE app_compras
    ADD COLUMN IF NOT EXISTS comision_comprador decimal(18, 2);

ALTER TABLE app_compras
    ADD COLUMN IF NOT EXISTS comision_vendedor decimal(18, 2);

UPDATE app_compras c
SET comision_comprador = CASE
        WHEN c.comprador_empresa THEN 0
        ELSE ROUND(c.monto_adjudicacion * i.comision / NULLIF(i."precioBase", 0), 2)
    END,
    comision_vendedor = ROUND(c.monto_adjudicacion * i.comision / NULLIF(i."precioBase", 0), 2)
FROM "itemsCatalogo" i
WHERE i.identificador = c.item_catalogo_id
  AND (c.comision_comprador IS NULL OR c.comision_vendedor IS NULL);

ALTER TABLE app_compras
    ALTER COLUMN comision_comprador SET NOT NULL;

ALTER TABLE app_compras
    ALTER COLUMN comision_vendedor SET NOT NULL;

ALTER TABLE app_entregas
    ADD COLUMN IF NOT EXISTS direccion_snapshot_json text;

ALTER TABLE app_entregas
    ADD COLUMN IF NOT EXISTS direccion_snapshot_at timestamp with time zone;

ALTER TABLE app_solicitudes_consignacion
    ADD COLUMN IF NOT EXISTS segmento varchar(80);

UPDATE app_solicitudes_consignacion
SET segmento = COALESCE(segmento, categoria_sugerida, 'general')
WHERE segmento IS NULL;

ALTER TABLE app_solicitudes_consignacion
    ALTER COLUMN segmento SET NOT NULL;

UPDATE app_compras c
SET comision_vendedor = ROUND(c.monto_adjudicacion * s.comision_vendedor_pct / 100, 2)
FROM app_solicitudes_consignacion s
WHERE s.item_catalogo_id = c.item_catalogo_id
  AND s.comision_vendedor_pct IS NOT NULL
  AND c.comision_vendedor IS DISTINCT FROM
      ROUND(c.monto_adjudicacion * s.comision_vendedor_pct / 100, 2);

ALTER TABLE app_subasta_estado_vivo
    ADD COLUMN IF NOT EXISTS retencion_hasta timestamp with time zone;

CREATE INDEX IF NOT EXISTS idx_app_subasta_estado_vivo_retencion
    ON app_subasta_estado_vivo (retencion_hasta)
    WHERE retencion_hasta IS NOT NULL;

ALTER TABLE app_consignacion_devoluciones
    ADD COLUMN IF NOT EXISTS direccion_envio_id bigint REFERENCES app_direcciones_envio (id);

CREATE INDEX IF NOT EXISTS idx_app_consignacion_devoluciones_direccion
    ON app_consignacion_devoluciones (direccion_envio_id);
